{"cameraMode":{"drawMode":0,"name":"Shaded","section":"Shading Mode"},"sceneLighting":true,"audioPlay":false,"sceneViewState":{"showFog":true,"showMaterialUpdate":false,"showSkybox":true,"showFlares":true,"showImageEffects":true,"showParticleSystems":true,"showVisualEffectGraphs":true,"m_FxEnabled":true},"in2DMode":false,"pivot":{"x":0.19961261749267579,"y":-0.8740267753601074,"z":-1.276756763458252},"rotation":{"x":-0.19951027631759644,"y":0.42559030652046206,"z":-0.09720851480960846,"w":-0.8772110939025879},"size":6.242503643035889,"orthographic":false}