{"cameraMode":{"drawMode":0,"name":"Shaded","section":"Shading Mode"},"sceneLighting":true,"audioPlay":false,"sceneViewState":{"showFog":true,"showMaterialUpdate":false,"showSkybox":true,"showFlares":true,"showImageEffects":true,"showParticleSystems":true,"showVisualEffectGraphs":true,"m_FxEnabled":true},"in2DMode":false,"pivot":{"x":2.5303149223327638,"y":6.612218379974365,"z":11.197702407836914},"rotation":{"x":0.14873480796813966,"y":-0.07202038913965225,"z":-0.010861589573323727,"w":-0.986181914806366},"size":10.854042053222657,"orthographic":false}